{
  "Browse Page" : {
    "transaction" : "Browse Page",
    "sampleCount" : 39214,
    "errorCount" : 25182,
    "errorPct" : 64.21686,
    "meanResTime" : 166.8578058856525,
    "medianResTime" : 267.0,
    "minResTime" : 1.0,
    "maxResTime" : 656.0,
    "pct1ResTime" : 351.0,
    "pct2ResTime" : 373.0,
    "pct3ResTime" : 411.0,
    "throughput" : 437.685559300846,
    "receivedKBytesPerSec" : 1326.8554273305133,
    "sentKBytesPerSec" : 21.25961978480702
  },
  "Total" : {
    "transaction" : "Total",
    "sampleCount" : 77952,
    "errorCount" : 47630,
    "errorPct" : 61.101704,
    "meanResTime" : 255.74651067323296,
    "medianResTime" : 294.0,
    "minResTime" : 1.0,
    "maxResTime" : 3814.0,
    "pct1ResTime" : 363.0,
    "pct2ResTime" : 386.0,
    "pct3ResTime" : 408.0,
    "throughput" : 870.0582628301003,
    "receivedKBytesPerSec" : 9694.186434952397,
    "sentKBytesPerSec" : 43.80958738168851
  },
  "Transaction Controller" : {
    "transaction" : "Transaction Controller",
    "sampleCount" : 38978,
    "errorCount" : 24946,
    "errorPct" : 64.000206,
    "meanResTime" : 510.05485145466605,
    "medianResTime" : 533.0,
    "minResTime" : 3.0,
    "maxResTime" : 4239.0,
    "pct1ResTime" : 704.0,
    "pct2ResTime" : 856.9500000000007,
    "pct3ResTime" : 2028.75000000004,
    "throughput" : 435.3575856407278,
    "receivedKBytesPerSec" : 9695.02037440244,
    "sentKBytesPerSec" : 43.84041473763277
  },
  "Album Read" : {
    "transaction" : "Album Read",
    "sampleCount" : 38738,
    "errorCount" : 22448,
    "errorPct" : 57.94827,
    "meanResTime" : 345.7274510816229,
    "medianResTime" : 270.0,
    "minResTime" : 1.0,
    "maxResTime" : 3814.0,
    "pct1ResTime" : 374.0,
    "pct2ResTime" : 901.0,
    "pct3ResTime" : 1646.0,
    "throughput" : 434.06353297103476,
    "receivedKBytesPerSec" : 8400.05215190627,
    "sentKBytesPerSec" : 22.63815112191159
  }
}