{
  "Albums Read" : {
    "transaction" : "Albums Read",
    "sampleCount" : 71508,
    "errorCount" : 49327,
    "errorPct" : 68.981094,
    "meanResTime" : 98.51866923980565,
    "medianResTime" : 101.0,
    "minResTime" : 1.0,
    "maxResTime" : 276.0,
    "pct1ResTime" : 175.0,
    "pct2ResTime" : 185.0,
    "pct3ResTime" : 202.0,
    "throughput" : 479.57185395820477,
    "receivedKBytesPerSec" : 1474.599812929219,
    "sentKBytesPerSec" : 18.740014840333853
  },
  "Total" : {
    "transaction" : "Total",
    "sampleCount" : 143250,
    "errorCount" : 100317,
    "errorPct" : 70.02932,
    "meanResTime" : 98.9409633507859,
    "medianResTime" : 7.0,
    "minResTime" : 1.0,
    "maxResTime" : 322.0,
    "pct1ResTime" : 111.0,
    "pct2ResTime" : 132.0,
    "pct3ResTime" : 148.0,
    "throughput" : 958.1427080825107,
    "receivedKBytesPerSec" : 3898.230519019049,
    "sentKBytesPerSec" : 36.446765442735504
  },
  "Album Page" : {
    "transaction" : "Album Page",
    "sampleCount" : 71742,
    "errorCount" : 50990,
    "errorPct" : 71.07413,
    "meanResTime" : 99.36188007025238,
    "medianResTime" : 101.0,
    "minResTime" : 1.0,
    "maxResTime" : 322.0,
    "pct1ResTime" : 174.0,
    "pct2ResTime" : 184.0,
    "pct3ResTime" : 202.0,
    "throughput" : 479.8539208604222,
    "receivedKBytesPerSec" : 2427.5759125347804,
    "sentKBytesPerSec" : 17.756888427375124
  },
  "Transaction Controller" : {
    "transaction" : "Transaction Controller",
    "sampleCount" : 71718,
    "errorCount" : 50972,
    "errorPct" : 71.072815,
    "meanResTime" : 197.60323768091587,
    "medianResTime" : 214.0,
    "minResTime" : 1.0,
    "maxResTime" : 453.0,
    "pct1ResTime" : 336.0,
    "pct2ResTime" : 350.0,
    "pct3ResTime" : 378.0,
    "throughput" : 479.3791692846543,
    "receivedKBytesPerSec" : 3894.9260891942836,
    "sentKBytesPerSec" : 36.41776018132629
  }
}