{
  "Browse Page" : {
    "transaction" : "Browse Page",
    "sampleCount" : 67168,
    "errorCount" : 49618,
    "errorPct" : 73.87148,
    "meanResTime" : 88.85461827060463,
    "medianResTime" : 124.0,
    "minResTime" : 1.0,
    "maxResTime" : 567.0,
    "pct1ResTime" : 181.0,
    "pct2ResTime" : 192.0,
    "pct3ResTime" : 210.0,
    "throughput" : 449.5609338188049,
    "receivedKBytesPerSec" : 1270.666054214801,
    "sentKBytesPerSec" : 15.944764608488168
  },
  "Total" : {
    "transaction" : "Total",
    "sampleCount" : 134086,
    "errorCount" : 94815,
    "errorPct" : 70.71208,
    "meanResTime" : 130.37593783094417,
    "medianResTime" : 27.0,
    "minResTime" : 1.0,
    "maxResTime" : 2532.0,
    "pct1ResTime" : 172.0,
    "pct2ResTime" : 192.0,
    "pct3ResTime" : 228.0,
    "throughput" : 897.4485971300064,
    "receivedKBytesPerSec" : 8193.122234659038,
    "sentKBytesPerSec" : 33.97534587547187
  },
  "Transaction Controller" : {
    "transaction" : "Transaction Controller",
    "sampleCount" : 67141,
    "errorCount" : 49598,
    "errorPct" : 73.87141,
    "meanResTime" : 260.3343262686034,
    "medianResTime" : 264.0,
    "minResTime" : 1.0,
    "maxResTime" : 2611.0,
    "pct1ResTime" : 348.0,
    "pct2ResTime" : 367.0,
    "pct3ResTime" : 388.0,
    "throughput" : 449.0976709341681,
    "receivedKBytesPerSec" : 8187.461094793046,
    "sentKBytesPerSec" : 33.94762799995986
  },
  "Album Read" : {
    "transaction" : "Album Read",
    "sampleCount" : 66918,
    "errorCount" : 45197,
    "errorPct" : 67.54087,
    "meanResTime" : 172.05237753668814,
    "medianResTime" : 135.0,
    "minResTime" : 1.0,
    "maxResTime" : 2532.0,
    "pct1ResTime" : 186.0,
    "pct2ResTime" : 196.0,
    "pct3ResTime" : 230.9900000000016,
    "throughput" : 449.1894613190133,
    "receivedKBytesPerSec" : 6942.57649275256,
    "sentKBytesPerSec" : 18.082987655227388
  }
}