{
  "Browse Page" : {
    "transaction" : "Browse Page",
    "sampleCount" : 78405,
    "errorCount" : 60241,
    "errorPct" : 76.83311,
    "meanResTime" : 84.79489828454824,
    "medianResTime" : 108.0,
    "minResTime" : 1.0,
    "maxResTime" : 533.0,
    "pct1ResTime" : 150.0,
    "pct2ResTime" : 157.0,
    "pct3ResTime" : 170.0,
    "throughput" : 436.7090722751983,
    "receivedKBytesPerSec" : 1206.8693417510972,
    "sentKBytesPerSec" : 13.733296351428125
  },
  "Total" : {
    "transaction" : "Total",
    "sampleCount" : 156702,
    "errorCount" : 118324,
    "errorPct" : 75.50893,
    "meanResTime" : 142.36996975150254,
    "medianResTime" : 102.0,
    "minResTime" : 1.0,
    "maxResTime" : 2341.0,
    "pct1ResTime" : 243.0,
    "pct2ResTime" : 330.0,
    "pct3ResTime" : 494.0,
    "throughput" : 871.1619606731267,
    "receivedKBytesPerSec" : 6757.853836840591,
    "sentKBytesPerSec" : 27.644617485142625
  },
  "Transaction Controller" : {
    "transaction" : "Transaction Controller",
    "sampleCount" : 78394,
    "errorCount" : 60230,
    "errorPct" : 76.82986,
    "meanResTime" : 284.58212363190853,
    "medianResTime" : 240.0,
    "minResTime" : 2.0,
    "maxResTime" : 2345.0,
    "pct1ResTime" : 304.0,
    "pct2ResTime" : 342.0,
    "pct3ResTime" : 524.0,
    "throughput" : 436.13766092152264,
    "receivedKBytesPerSec" : 6762.639993553403,
    "sentKBytesPerSec" : 27.664765053881588
  },
  "Album Read" : {
    "transaction" : "Album Read",
    "sampleCount" : 78297,
    "errorCount" : 58083,
    "errorPct" : 74.18292,
    "meanResTime" : 200.02445815293024,
    "medianResTime" : 127.0,
    "minResTime" : 1.0,
    "maxResTime" : 2341.0,
    "pct1ResTime" : 242.0,
    "pct2ResTime" : 329.0,
    "pct3ResTime" : 489.0,
    "throughput" : 436.1852660664943,
    "receivedKBytesPerSec" : 5564.811817389864,
    "sentKBytesPerSec" : 13.966316993632455
  }
}