{
  "Albums Read" : {
    "transaction" : "Albums Read",
    "sampleCount" : 90845,
    "errorCount" : 58266,
    "errorPct" : 64.13782,
    "meanResTime" : 79.38031812427742,
    "medianResTime" : 107.0,
    "minResTime" : 1.0,
    "maxResTime" : 556.0,
    "pct1ResTime" : 151.0,
    "pct2ResTime" : 157.0,
    "pct3ResTime" : 168.0,
    "throughput" : 507.16829870144375,
    "receivedKBytesPerSec" : 1623.0698494775907,
    "sentKBytesPerSec" : 22.91282159470919
  },
  "Total" : {
    "transaction" : "Total",
    "sampleCount" : 181914,
    "errorCount" : 121864,
    "errorPct" : 66.9899,
    "meanResTime" : 80.93014281473516,
    "medianResTime" : 125.0,
    "minResTime" : 1.0,
    "maxResTime" : 700.0,
    "pct1ResTime" : 156.0,
    "pct2ResTime" : 159.0,
    "pct3ResTime" : 167.0,
    "throughput" : 1013.2226801826891,
    "receivedKBytesPerSec" : 4245.959835726022,
    "sentKBytesPerSec" : 42.43370209981063
  },
  "Album Page" : {
    "transaction" : "Album Page",
    "sampleCount" : 91069,
    "errorCount" : 63598,
    "errorPct" : 69.83496,
    "meanResTime" : 82.47615544257671,
    "medianResTime" : 106.0,
    "minResTime" : 1.0,
    "maxResTime" : 700.0,
    "pct1ResTime" : 150.0,
    "pct2ResTime" : 157.0,
    "pct3ResTime" : 167.0,
    "throughput" : 507.23515651108386,
    "receivedKBytesPerSec" : 2626.668772018074,
    "sentKBytesPerSec" : 19.574225494666926
  },
  "Transaction Controller" : {
    "transaction" : "Transaction Controller",
    "sampleCount" : 90848,
    "errorCount" : 63377,
    "errorPct" : 69.76158,
    "meanResTime" : 161.75746301514715,
    "medianResTime" : 213.0,
    "minResTime" : 2.0,
    "maxResTime" : 969.0,
    "pct1ResTime" : 286.0,
    "pct2ResTime" : 300.0,
    "pct3ResTime" : 318.0,
    "throughput" : 505.9027932463135,
    "receivedKBytesPerSec" : 4242.31317581066,
    "sentKBytesPerSec" : 42.42519532120105
  }
}