{
  "Albums Read" : {
    "transaction" : "Albums Read",
    "sampleCount" : 48372,
    "errorCount" : 32081,
    "errorPct" : 66.32143,
    "meanResTime" : 138.40707434052703,
    "medianResTime" : 255.0,
    "minResTime" : 1.0,
    "maxResTime" : 516.0,
    "pct1ResTime" : 326.0,
    "pct2ResTime" : 373.0,
    "pct3ResTime" : 485.0,
    "throughput" : 542.5667945352984,
    "receivedKBytesPerSec" : 1705.6709370162864,
    "sentKBytesPerSec" : 23.01954123973686
  },
  "Total" : {
    "transaction" : "Total",
    "sampleCount" : 97254,
    "errorCount" : 64682,
    "errorPct" : 66.508316,
    "meanResTime" : 137.82157032101514,
    "medianResTime" : 273.0,
    "minResTime" : 1.0,
    "maxResTime" : 516.0,
    "pct1ResTime" : 375.0,
    "pct2ResTime" : 396.0,
    "pct3ResTime" : 494.0,
    "throughput" : 1086.3698308795604,
    "receivedKBytesPerSec" : 4691.556309133509,
    "sentKBytesPerSec" : 46.190963359565245
  },
  "Album Page" : {
    "transaction" : "Album Page",
    "sampleCount" : 48882,
    "errorCount" : 32601,
    "errorPct" : 66.69326,
    "meanResTime" : 137.24217503375456,
    "medianResTime" : 253.0,
    "minResTime" : 1.0,
    "maxResTime" : 516.0,
    "pct1ResTime" : 325.0,
    "pct2ResTime" : 376.0,
    "pct3ResTime" : 486.0,
    "throughput" : 546.0333772703916,
    "receivedKBytesPerSec" : 2992.896910117066,
    "sentKBytesPerSec" : 23.266049040319697
  },
  "Transaction Controller" : {
    "transaction" : "Transaction Controller",
    "sampleCount" : 48798,
    "errorCount" : 32517,
    "errorPct" : 66.635925,
    "meanResTime" : 273.9970490593882,
    "medianResTime" : 502.0,
    "minResTime" : 2.0,
    "maxResTime" : 898.0,
    "pct1ResTime" : 607.0,
    "pct2ResTime" : 681.0,
    "pct3ResTime" : 787.9900000000016,
    "throughput" : 544.5962233828847,
    "receivedKBytesPerSec" : 4685.13346746518,
    "sentKBytesPerSec" : 46.14869226680729
  }
}