{
  "Albums Read" : {
    "transaction" : "Albums Read",
    "sampleCount" : 24741,
    "errorCount" : 8477,
    "errorPct" : 34.262966,
    "meanResTime" : 98.98763186613327,
    "medianResTime" : 81.0,
    "minResTime" : 1.0,
    "maxResTime" : 2500.0,
    "pct1ResTime" : 252.0,
    "pct2ResTime" : 461.0,
    "pct3ResTime" : 860.9700000000048,
    "throughput" : 420.6508433079434,
    "receivedKBytesPerSec" : 1671.6542041600073,
    "sentKBytesPerSec" : 34.83546675224429
  },
  "Total" : {
    "transaction" : "Total",
    "sampleCount" : 49787,
    "errorCount" : 17256,
    "errorPct" : 34.65965,
    "meanResTime" : 82.97832767589946,
    "medianResTime" : 111.0,
    "minResTime" : 1.0,
    "maxResTime" : 2500.0,
    "pct1ResTime" : 201.0,
    "pct2ResTime" : 271.0,
    "pct3ResTime" : 731.9800000000032,
    "throughput" : 836.3346211993953,
    "receivedKBytesPerSec" : 5240.586514939946,
    "sentKBytesPerSec" : 69.37535761905761
  },
  "Album Page" : {
    "transaction" : "Album Page",
    "sampleCount" : 25046,
    "errorCount" : 8779,
    "errorPct" : 35.051506,
    "meanResTime" : 67.16397827996474,
    "medianResTime" : 71.0,
    "minResTime" : 1.0,
    "maxResTime" : 551.0,
    "pct1ResTime" : 179.0,
    "pct2ResTime" : 207.0,
    "pct3ResTime" : 276.0,
    "throughput" : 420.7290441794053,
    "receivedKBytesPerSec" : 3588.98205211658,
    "sentKBytesPerSec" : 34.9577058048463
  },
  "Transaction Controller" : {
    "transaction" : "Transaction Controller",
    "sampleCount" : 24969,
    "errorCount" : 8714,
    "errorPct" : 34.899277,
    "meanResTime" : 165.0789378829752,
    "medianResTime" : 165.0,
    "minResTime" : 2.0,
    "maxResTime" : 2647.0,
    "pct1ResTime" : 392.0,
    "pct2ResTime" : 578.9500000000007,
    "pct3ResTime" : 978.9800000000032,
    "throughput" : 418.7181379125302,
    "receivedKBytesPerSec" : 5226.750240013751,
    "sentKBytesPerSec" : 69.23094786041891
  }
}