{
  "Browse Page" : {
    "transaction" : "Browse Page",
    "sampleCount" : 18747,
    "errorCount" : 17845,
    "errorPct" : 95.18856,
    "meanResTime" : 111.67626820291315,
    "medianResTime" : 124.0,
    "minResTime" : 1.0,
    "maxResTime" : 242.0,
    "pct1ResTime" : 197.0,
    "pct2ResTime" : 208.0,
    "pct3ResTime" : 224.0,
    "throughput" : 380.0401386608283,
    "receivedKBytesPerSec" : 902.09383362221,
    "sentKBytesPerSec" : 2.482098828782258
  },
  "Total" : {
    "transaction" : "Total",
    "sampleCount" : 37161,
    "errorCount" : 35053,
    "errorPct" : 94.327385,
    "meanResTime" : 114.62008557358521,
    "medianResTime" : 146.0,
    "minResTime" : 1.0,
    "maxResTime" : 276.0,
    "pct1ResTime" : 206.0,
    "pct2ResTime" : 215.0,
    "pct3ResTime" : 227.0,
    "throughput" : 752.7498126278688,
    "receivedKBytesPerSec" : 2740.940422941945,
    "sentKBytesPerSec" : 5.509990859278465
  },
  "Transaction Controller" : {
    "transaction" : "Transaction Controller",
    "sampleCount" : 18670,
    "errorCount" : 17773,
    "errorPct" : 95.1955,
    "meanResTime" : 227.5652919121591,
    "medianResTime" : 248.0,
    "minResTime" : 1.0,
    "maxResTime" : 461.0,
    "pct1ResTime" : 380.0,
    "pct2ResTime" : 395.0,
    "pct3ResTime" : 422.0,
    "throughput" : 377.54544903035327,
    "receivedKBytesPerSec" : 2732.532839483782,
    "sentKBytesPerSec" : 5.486906388394573
  },
  "Album Read" : {
    "transaction" : "Album Read",
    "sampleCount" : 18414,
    "errorCount" : 17208,
    "errorPct" : 93.45064,
    "meanResTime" : 117.617139133268,
    "medianResTime" : 131.0,
    "minResTime" : 1.0,
    "maxResTime" : 276.0,
    "pct1ResTime" : 198.0,
    "pct2ResTime" : 208.0,
    "pct3ResTime" : 225.0,
    "throughput" : 375.55832024637476,
    "receivedKBytesPerSec" : 1852.1469915079235,
    "sentKBytesPerSec" : 3.0505652673818604
  }
}